<?xml version="1.0" encoding="UTF-8" standalone="no"?><taller adresa="reus" cif="123ae" nom="luisRepair"><client correo="luis" nif="123ae" nom="luis" telefono="luis"/><mecanic correo="luis" nif="123ae" nom="luis" telefono="luis"/><recanvi assignat="Si" codi="123ae" fabricant="llantas" nom="llantas" preu="10.0"/><reparacio codi="123ae" dataFi="6" dataInici="3" preu="252.0"><client correo="luis" nif="123ae" nom="luis" telefono="luis"/><Recanvi assignat="Si" codi="123ae" fabricant="llantas" nom="llantas" preu="10.0"/><mecanic correo="luis" nif="123ae" nom="luis" telefono="luis"/></reparacio></taller>