<?xml version="1.0" encoding="UTF-8" standalone="no"?><taller adreca="C/ Xaloc, 1" cif="A00000000" nom="Taller Pere"><client correu="biel.gomez@gmail.com" nif="22222222J" nom="Biel Gómez" telefon="777777777"/><mecanic correu="paula.bestart@gmail.com" nif="00000000A" nom="Paula Bestart" telefon="555555555"/><recanvi assignat="Si" codi="001" fabricant="Amortiguadors S.L." nom="Amortiguador bàsic" preu="230.0"/><reparacio codi="R001" dataFi="22/10/2021" dataInici="18/10/2021" preu="1440.0"><client correu="biel.gomez@gmail.com" nif="22222222J" nom="Biel Gómez" telefon="777777777"/><mecanic correu="paula.bestart@gmail.com" nif="00000000A" nom="Paula Bestart" telefon="555555555"/><recanvi assignat="Si" codi="001" fabricant="Amortiguadors S.L." nom="Amortiguador bàsic" preu="230.0"/></reparacio></taller>
