<?xml version="1.0" encoding="UTF-8"?>
<project-private xmlns="http://www.netbeans.org/ns/project-private/1">
    <editor-bookmarks xmlns="http://www.netbeans.org/ns/editor-bookmarks/2" lastBookmarkId="0"/>
    <open-files xmlns="http://www.netbeans.org/ns/projectui-open-files/2">
        <group>
            <file>file:/C:/Users/isabe/Documents/NetBeansProjects/IOCrepository/IOCProjects_DAW/src/m03/DA2_M03B_EAC11_Calzadilla_C/src/persistencia/GestorDB4O.java</file>
            <file>file:/C:/Users/isabe/Documents/NetBeansProjects/IOCrepository/IOCProjects_DAW/src/m03/DA2_M03B_EAC11_Calzadilla_C/src/persistencia/GestorJDBC.java</file>
        </group>
    </open-files>
</project-private>
