<?xml version="1.0" encoding="UTF-8"?>
<project-private xmlns="http://www.netbeans.org/ns/project-private/1">
    <editor-bookmarks xmlns="http://www.netbeans.org/ns/editor-bookmarks/2" lastBookmarkId="0"/>
    <open-files xmlns="http://www.netbeans.org/ns/projectui-open-files/2">
        <group>
            <file>file:/C:/Users/hellz/NetbeansGit/IOCProjects_DAW/src/m03/DA2EAC8GestioTallerMecanicEnunciat/src/areesTaller/Persona.java</file>
            <file>file:/C:/Users/hellz/NetbeansGit/IOCProjects_DAW/src/m03/DA2EAC8GestioTallerMecanicEnunciat/src/principal/Component.java</file>
            <file>file:/C:/Users/hellz/NetbeansGit/IOCProjects_DAW/src/m03/DA2EAC8GestioTallerMecanicEnunciat/src/principal/Application.java</file>
            <file>file:/C:/Users/hellz/NetbeansGit/IOCProjects_DAW/src/m03/DA2EAC8GestioTallerMecanicEnunciat/src/areesTaller/Client.java</file>
            <file>file:/C:/Users/hellz/NetbeansGit/IOCProjects_DAW/src/m03/DA2EAC8GestioTallerMecanicEnunciat/src/principal/Reparacio.java</file>
            <file>file:/C:/Users/hellz/NetbeansGit/IOCProjects_DAW/src/m03/DA2EAC8GestioTallerMecanicEnunciat/src/principal/Taller.java</file>
            <file>file:/C:/Users/hellz/NetbeansGit/IOCProjects_DAW/src/m03/DA2EAC8GestioTallerMecanicEnunciat/src/areesTaller/Recanvi.java</file>
            <file>file:/C:/Users/hellz/NetbeansGit/IOCProjects_DAW/src/m03/DA2EAC8GestioTallerMecanicEnunciat/src/areesTaller/Mecanic.java</file>
        </group>
    </open-files>
</project-private>
